이름,나이,e-mail,부서,연락처,성별
김현은,78,2v3fymzp@aaa.com,1g2,010-4778-4047,남
정현연,53,klm6qv7k@aaa.com,g09,010-9353-9693,여
이윤호,35,4awth1i4@aaa.com,4fa,010-7035-.970,여
윤서아,76,s5tnrdze@aaa.com,q8d,010-3476-7134,남
임채후,46,srl9ynv8@aaa.com,igq,010-3446-7234,여
김주준,43,329c390k@aaa.com,u6n,010-3443-7334,남
임민서,38,rwmqa0qz@aaa.com,mvh,010-5338-9753,남
임현우,58,qiprcvur@aaa.com,gid,010-3358-7633,남
윤윤우,33,qgc9mlfd@aaa.com,a5v,010-3333-7733,여
임지우,4,yiex5y24@aaa.com,o2l,010-3304-7833,여
박지우,43,w47i5089@aaa.com,e4r,010-3243-8032,여
임채후,85,zszv07t5@aaa.com,b4q,010-5685-8456,남
정도호,26,21r7k8ii@aaa.com,f0v,010-1326-9813,여
정하진,96,v39totn4@aaa.com,9nt,010-3196-8231,남
임주준,42,f6xailu3@aaa.com,1mh,010-3142-8431,남
최현아,17,z2zyxodt@aaa.com,d1m,010-3117-8531,남
최지은,14,fftuarcl@aaa.com,weu,010-6314-9863,남
박예우,32,8sz5trv2@aaa.com,490,010-3032-8830,여
임주연,76,vw2wbwh7@aaa.com,za8,010-2976-9029,남
장지우,41,tkd0r5ae@aaa.com,1o3,010-2941-9129,여
윤현준,34,zudhzar9@aaa.com,d34,010-2934-9229,남
강하진,84,orrn21a5@aaa.com,a9c,010-2884-9428,남
조서준,82,idtap4ma@aaa.com,isd,010-7679-8476,여
윤민후,93,tui7ahcz@aaa.com,q84,010-5293-9952,남
박민은,96,ay63cqu0@aaa.com,2yz,010-2796-9727,여
최하윤,72,zm8d8gko@aaa.com,uq2,010-2772-9827,여
조주서,74,1m9impfn@aaa.com,zbr,010-9274-9992,남
최지윤,4,k9oszfkf@aaa.com,vb9,010-2704-0027,여
김민연,77,4wowda77@aaa.com,ki9,010-2677-0126,여
장예원,65,zwgn9o9v@aaa.com,6yk,010-2265-0022,남
강하원,35,sq0lqm5i@aaa.com,uy3,010-2635-0326,여
김예연,61,8w17mdmg@aaa.com,743,010-4261-0042,남
장채아,78,qrltbviz@aaa.com,50w,010-2578-0525,여
최하준,72,wfewai06@aaa.com,4px,010-6772-4867,여
정도진,56,7skcpuk2@aaa.com,btg,010-2556-0625,남
김지원,27,s6fvdrww@aaa.com,z6k,010-2527-0725,여
김주서,98,9b4vahmf@aaa.com,1gz,010-2498-0824,여
윤주원,47,ds58c17a@aaa.com,qhg,010-9247-0092,여
임채호,53,d1s3edm3@aaa.com,brp,010-2453-1024,남
장주우,29,ldw557xf@aaa.com,49f,010-2429-1124,여
정주은,92,bq2r5rv4@aaa.com,yfc,010-2392-1223,여
조지후,65,mpwizy2a@aaa.com,3az,010-2365-1323,남
윤지윤,39,zahdzypz@aaa.com,ay3,010-4239-0142,남
이현진,82,lc30lnrw@aaa.com,9q0,010-2282-1622,여
김하후,68,nwk8nk59@aaa.com,ef4,010-4968-.849,여
김도윤,25,bbcgiytp@aaa.com,tdq,010-7225-0172,여
김지원,23,a54g0we2@aaa.com,kwd,010-8223-0182,여
장도아,96,btuoe4fq@aaa.com,4dv,010-2196-1921,여
이현우,17,mlryw8vy@aaa.com,7mq,010-0217-0202,여
임지진,42,bwo8rrgw@aaa.com,zlp,010-2142-2121,남
최현원,18,htnsbfft@aaa.com,978,010-2118-2221,남
윤서원,21,vtcvxs64@aaa.com,772,010-2321-.023,남
장채후,76,v5wkgm88@aaa.com,xm8,010-2076-2420,남
강도서,24,9ioh4mad@aaa.com,z67,010-2024-2620,남
윤예진,72,qavzdzpy@aaa.com,c46,010-0272-8.02,남
이예연,13,9yzn075g@aaa.com,cok,010-6713-5067,여
박민원,99,37sw3ta7@aaa.com,vdu,010-8199-0281,여
장도서,39,afgq2zlg@aaa.com,vtt,010-1939-2919,남
박도은,7,6ucr2zab@aaa.com,7px,010-1907-3019,여
최민진,88,dcdx2pqq@aaa.com,m9o,010-1188-0311,여
김지아,86,unoh00zo@aaa.com,zz7,010-2186-0321,여
윤주우,15,yh19uch7@aaa.com,fye,010-4515-.045,남
윤주원,52,pyc4oha8@aaa.com,m6d,010-6152-0461,여
정예호,31,wlb5t21y@aaa.com,lcp,010-1431-4814,남
박지준,14,mtwlamiu@aaa.com,x6n,010-1414-4914,남
강도우,65,bz1qt0kg@aaa.com,kgn,010-1365-5113,남
최지호,73,ve7bvici@aaa.com,xmy,010-6673-5266,남
조주호,38,11puupze@aaa.com,463,010-5314-.053,남
윤하서,26,bfolh5e7@aaa.com,nfa,010-4126-0541,여
박윤연,25,rezkfafi@aaa.com,nmc,010-5125-0551,여
이채호,22,9znha065@aaa.com,izt,010-6122-0561,남
임민은,17,ezz3y7wx@aaa.com,e4m,010-8117-0581,여
이주서,35,spdubgue@aaa.com,uby,010-1135-5911,여
강하아,25,voha3a0p@aaa.com,f72,010-1125-6011,여
조예은,12,0q5ixtv9@aaa.com,yoy,010-1112-6111,여
강하후,34,l6uc7t9d@aaa.com,iwy,010-1034-6310,남
조민후,41,tibgqtwi@aaa.com,riu,010-0641-8.06,남
이윤은,34,f0dt5ene@aaa.com,6qi,010-6634-5366,남
이지연,46,1knm77pt@aaa.com,l8h,010-0946-6609,여
강민호,15,w3zbgine@aaa.com,tua,010-0915-6709,여
이도원,89,319pkkw3@aaa.com,y6i,010-8089-0680,남
윤현은,58,cu030o13@aaa.com,pf5,010-0858-6908,남
김주윤,53,xbl9v9w3@aaa.com,s8g,010-0853-7008,남
장지후,24,kknxg7db@aaa.com,v4h,010-0824-7108,남
박현서,97,ci7csb3z@aaa.com,774,010-0797-7207,여
이도우,77,u6r7gtw6@aaa.com,23d,010-3077-0730,남
윤하서,43,a2v53ln7@aaa.com,xa4,010-0743-7407,남
김지윤,6,b4uvp4k6@aaa.com,2sd,010-0706-7507,여
박지아,58,ci0hbzu0@aaa.com,kdn,010-5658-8556,여
이지서,69,txx1zbqg@aaa.com,0sv,010-6069-0760,남
이지연,44,z6e4x9cr@aaa.com,fem,010-0644-7806,남
이윤우,61,q1oknsar@aaa.com,zbc,010-9061-0790,남
장지은,61,3igvv7k1@aaa.com,8gq,010-9061-0790,여
이채서,79,8ghm0xqn@aaa.com,fef,010-0579-8005,여
강지호,56,qysmn7zz@aaa.com,2vq,010-0556-8105,여
강윤윤,53,ofzhdhy0@aaa.com,7yz,010-2053-0820,남
윤지원,3,brf9crc5@aaa.com,0kn,010-0503-8305,남
장하진,66,bx2g9fc0@aaa.com,z61,010-0466-8404,여
정윤우,46,cnt3zdmw@aaa.com,ze9,010-0446-8504,여
